{
  "Component-dbg.js": 1608121976000,
  "i18n/i18n_de.properties": 1608129085000,
  "i18n/i18n_en.properties": 1608129017000,
  "model/models.js": 1608119748000,
  "manifest.json": 1608210757893,
  "localService/sensors.json": 1608125009000,
  "localService/mockserver.js": 1608119748000,
  "controller/Sensors.controller.js": 1608202556226,
  "controller/SensorStatus.controller.js": 1608205660908,
  "controller/App.controller.js": 1608119748000,
  "Component.js": 1608121976000,
  "manifest-bundle.zip": 1608210757628,
  "Component-preload.js": 1608210757838,
  "controller/Sensors-dbg.controller.js": 1608202556226,
  "localService/mockserver-dbg.js": 1608119748000,
  "model/models-dbg.js": 1608119748000,
  "controller/SensorStatus-dbg.controller.js": 1608205660908,
  "controller/App-dbg.controller.js": 1608119748000,
  "i18n/i18n.properties": 1608128915000,
  "resources.json": 1608210757898,
  "view/Sensors.view.xml": 1608202928981,
  "view/SensorStatus.view.xml": 1608206434731,
  "view/CustomerSelectDialog.fragment.xml": 1608142218000,
  "view/App.view.xml": 1608119748000,
  "css/style.css": 1608119748000,
  "index.html": 1608122712000
}